"Flanks","ln_FI_normalized"
"AAUAAA",10.6841823752307
"AAUAAC",10.3052421358491
"AAUAAG",10.2131248246732
"AAUAAT",10.5157399424122
"AAUACA",9.86103963473132
"AAUACC",9.67418104073121
"AAUACG",10.1741059803803
"AAUACT",10.0059591504767
"AAUAGA",9.88417728485001
"AAUAGC",10.2453090790355
"AAUAGG",9.84650484593197
"AAUAGT",10.2913794749658
"AAUATA",11.049989796821
"AAUATC",10.8414577890391
"AAUATG",11.1111112544782
"AAUATT",11.1445631511367
"AAUCAA",9.27350999316826
"AAUCAC",9.5226140481119
"AAUCAG",9.36659114950946
"AAUCAT",9.4377440638645
"AAUCCA",9.13027038519265
"AAUCCC",8.34885987228254
"AAUCCG",9.14882797618877
"AAUCCT",9.07494820833525
"AAUCGA",9.35089444863125
"AAUCGC",8.80671208674609
"AAUCGG",9.35503076827795
"AAUCGT",9.37092703869589
"AAUCTA",9.7372419597561
"AAUCTC",9.75187299627374
"AAUCTG",9.92521314700468
"AAUCTT",9.48115821838277
"AAUGAA",10.0078290475033
"AAUGAC",9.59561561641554
"AAUGAG",9.15367664021083
"AAUGAT",9.58802510823916
"AAUGCA",9.6531801797322
"AAUGCC",9.50233517500467
"AAUGCG",9.53460445771227
"AAUGCT",9.66853022366526
"AAUGGA",9.46264659394776
"AAUGGC",9.43278695507024
"AAUGGG",9.40358906571263
"AAUGGT",9.30671182654306
"AAUGTA",10.0470765964672
"AAUGTC",10.1195955185814
"AAUGTG",10.5167102300968
"AAUGTT",10.0628737227176
"AAUTAA",9.34604526799202
"AAUTAC",9.16439386150834
"AAUTAG",9.229415979845
"AAUTAT",9.32446049013452
"AAUTCA",9.07509556565149
"AAUTCC",9.27626785781715
"AAUTCG",9.32541293643219
"AAUTCT",9.02946271389391
"AAUTGA",9.04870966166935
"AAUTGC",8.96917571250754
"AAUTGG",9.10611052967244
"AAUTGT",9.08001360757862
"AAUTTA",9.66447352630046
"AAUTTC",9.78714957353594
"AAUTTG",9.80650397934751
"AAUTTT",9.71044736140103
"ACUAAA",9.76498521787431
"ACUAAC",9.42713481703983
"ACUAAG",9.34981972323502
"ACUAAT",9.63962105587004
"ACUACA",9.28506082697482
"ACUACC",8.83870131370112
"ACUACG",9.04749602352331
"ACUACT",9.17018412193497
"ACUAGA",8.98038081955059
"ACUAGC",8.62715154847252
"ACUAGG",8.84132233679567
"ACUAGT",8.88066369654566
"ACUATA",9.55322197065903
"ACUATC",9.40298186320679
"ACUATG",9.4706809682706
"ACUATT",9.47544281567625
"ACUCAA",8.29084938218572
"ACUCAC",8.32387183106978
"ACUCAG",8.44530129220173
"ACUCAT",8.33950553513141
"ACUCCA",7.7046809028261
"ACUCCC",6.49592828174532
"ACUCCG",8.54740696116915
"ACUCCT",8.07594395763888
"ACUCGA",8.36776104841153
"ACUCGC",8.70219292356005
"ACUCGG",8.17482182114563
"ACUCGT",8.18596531491845
"ACUCTA",8.90051897216473
"ACUCTC",8.19911957873326
"ACUCTG",8.78016864599316
"ACUCTT",9.11590936570167
"ACUGAA",9.08578458319832
"ACUGAC",8.42154119179596
"ACUGAG",8.4380210256323
"ACUGAT",7.470102509243
"ACUGCA",8.56335396416335
"ACUGCC",7.55412824527235
"ACUGCG",8.71330336820698
"ACUGCT",9.02371088989689
"ACUGGA",8.26427298836294
"ACUGGC",8.77041488856928
"ACUGGG",8.96808510621448
"ACUGGT",7.74575667731596
"ACUGTA",9.2043447339587
"ACUGTC",9.27637767591374
"ACUGTG",9.03821079055029
"ACUGTT",9.21839514079005
"ACUTAA",8.98637406160101
"ACUTAC",8.36028526961199
"ACUTAG",8.43336559347452
"ACUTAT",8.69204512398906
"ACUTCA",8.3813061907239
"ACUTCC",7.73208536668566
"ACUTCG",7.86926047024207
"ACUTCT",8.38694876731233
"ACUTGA",8.09324044120732
"ACUTGC",8.3741239696246
"ACUTGG",8.37148458778512
"ACUTGT",8.14740947446115
"ACUTTA",9.10183120194198
"ACUTTC",8.13832466504351
"ACUTTG",8.98839078669472
"ACUTTT",8.81678452855517
"AGUAAA",10.9318709217608
"AGUAAC",10.6321563764389
"AGUAAG",10.3494666409588
"AGUAAT",10.613095285836
"AGUACA",10.1087959660609
"AGUACC",9.88414441145629
"AGUACG",9.90159464378138
"AGUACT",10.0059040872186
"AGUAGA",10.0724398356698
"AGUAGC",9.91979543189471
"AGUAGG",9.76104379155682
"AGUAGT",10.2069526726771
"AGUATA",10.3017918956209
"AGUATC",10.3165712564838
"AGUATG",10.505171178685
"AGUATT",10.3860115435798
"AGUCAA",9.23967671238909
"AGUCAC",8.9527430360574
"AGUCAG",9.02794111162248
"AGUCAT",9.33461305100822
"AGUCCA",8.92839852926189
"AGUCCC",8.92623816844636
"AGUCCG",8.62438722956204
"AGUCCT",8.95565056768105
"AGUCGA",9.10195268921594
"AGUCGC",8.98320484473816
"AGUCGG",9.06275051723268
"AGUCGT",8.99539979403677
"AGUCTA",9.26050116683726
"AGUCTC",9.1924638167221
"AGUCTG",9.12682592676871
"AGUCTT",9.16970076201959
"AGUGAA",9.52175251818455
"AGUGAC",9.17029857340884
"AGUGAG",9.15835515598871
"AGUGAT",9.43892742692591
"AGUGCA",9.56634960618729
"AGUGCC",9.32988058233205
"AGUGCG",9.21526978149473
"AGUGCT",9.50662312597016
"AGUGGA",9.34529215633155
"AGUGGC",9.55659188375422
"AGUGGG",8.99253574787846
"AGUGGT",9.32828932892713
"AGUGTA",9.73641711453743
"AGUGTC",9.43092893920793
"AGUGTG",9.89170126332365
"AGUGTT",9.66763133476673
"AGUTAA",9.32480225271756
"AGUTAC",8.80226739270268
"AGUTAG",8.74723249187926
"AGUTAT",9.29687524474744
"AGUTCA",8.53607243627276
"AGUTCC",8.99880921379516
"AGUTCG",8.75680557187922
"AGUTCT",8.75607610878748
"AGUTGA",8.70036117822175
"AGUTGC",9.02525192503897
"AGUTGG",8.3901735284554
"AGUTGT",8.94246155940877
"AGUTTA",9.24563682530822
"AGUTTC",9.27350999316826
"AGUTTG",9.12095768178598
"AGUTTT",9.12673636140823
"ATUAAA",10.1822134322486
"ATUAAC",9.92734693584103
"ATUAAG",10.0894832105095
"ATUAAT",10.1497805834826
"ATUACA",9.76111678208225
"ATUACC",9.69908834412615
"ATUACG",9.90241413276174
"ATUACT",9.86267539232148
"ATUAGA",9.68566330869713
"ATUAGC",9.61200499274086
"ATUAGG",9.58335216248526
"ATUAGT",9.80052482924149
"ATUATA",10.7933578825913
"ATUATC",10.8139329439778
"ATUATG",10.9694403094177
"ATUATT",10.84945612771
"ATUCAA",9.67031870758676
"ATUCAC",9.37764827101829
"ATUCAG",9.1548623801724
"ATUCAT",9.49423266004478
"ATUCCA",9.5891105519933
"ATUCCC",9.32141504056239
"ATUCCG",9.50507729977854
"ATUCCT",9.4929800829211
"ATUCGA",9.26246480731913
"ATUCGC",9.56521837226257
"ATUCGG",9.34029421992181
"ATUCGT",9.29022182149714
"ATUCTA",10.3344743519234
"ATUCTC",10.0169674410574
"ATUCTG",10.5051609713709
"ATUCTT",9.97798022068242
"ATUGAA",9.45384947982677
"ATUGAC",9.3272249122361
"ATUGAG",9.12741363834356
"ATUGAT",9.34572004384991
"ATUGCA",9.2950203097757
"ATUGCC",9.30672883022671
"ATUGCG",9.14694874101752
"ATUGCT",9.30533200137733
"ATUGGA",9.2911609549247
"ATUGGC",9.08081619292398
"ATUGGG",9.04856914968348
"ATUGGT",9.05337871536734
"ATUGTA",10.116595112642
"ATUGTC",10.0374190019619
"ATUGTG",9.98904332534406
"ATUGTT",9.86706800043934
"ATUTAA",8.90622288260803
"ATUTAC",9.25576059580333
"ATUTAG",9.03329340268738
"ATUTAT",8.90796001017283
"ATUTCA",8.96319432046977
"ATUTCC",8.78702924529036
"ATUTCG",8.78380893301328
"ATUTCT",8.88317414463639
"ATUTGA",8.60074705006196
"ATUTGC",8.8009254896892
"ATUTGG",7.82663262055624
"ATUTGT",8.96011913085455
"ATUTTA",9.62896514477232
"ATUTTC",9.71796850192944
"ATUTTG",9.56459057558164
"ATUTTT",9.52246706553916
"CAUAAA",10.3116430148129
"CAUAAC",10.0530983967918
"CAUAAG",9.77646289828448
"CAUAAT",9.95292930668679
"CAUACA",9.72066612316201
"CAUACC",9.56437266678176
"CAUACG",9.72709238976084
"CAUACT",9.59641998985042
"CAUAGA",9.54663561160902
"CAUAGC",9.61653123642937
"CAUAGG",9.4349607435347
"CAUAGT",9.89409538038483
"CAUATA",10.4666115751545
"CAUATC",10.3538887165889
"CAUATG",10.5181419255165
"CAUATT",10.6779648213548
"CAUCAA",9.43969342119439
"CAUCAC",9.18025926757364
"CAUCAG",8.54606241680744
"CAUCAT",9.19339117401563
"CAUCCA",7.6769296839334
"CAUCCC",7.58287320378811
"CAUCCG",8.88489109272227
"CAUCCT",8.03899280012861
"CAUCGA",8.89942520892547
"CAUCGC",9.07142999214624
"CAUCGG",9.09898479113635
"CAUCGT",9.22590764220006
"CAUCTA",9.07675597204585
"CAUCTC",8.86427137417896
"CAUCTG",9.28422680758648
"CAUCTT",9.16937785331008
"CAUGAA",9.42207113479028
"CAUGAC",9.17489457874499
"CAUGAG",8.60105266554878
"CAUGAT",8.96739612422654
"CAUGCA",8.99333282241679
"CAUGCC",8.84114573611957
"CAUGCG",9.15511456911329
"CAUGCT",9.30308669139528
"CAUGGA",9.05802784964644
"CAUGGC",9.25956124569186
"CAUGGG",9.01688018814717
"CAUGGT",9.55586626985242
"CAUGTA",9.75202947671679
"CAUGTC",8.47077844962176
"CAUGTG",9.82753440029711
"CAUGTT",9.76037806619525
"CAUTAA",9.40708298542561
"CAUTAC",8.95032891516276
"CAUTAG",8.54448880719426
"CAUTAT",9.36538209799354
"CAUTCA",8.83838021907308
"CAUTCC",8.63000528223205
"CAUTCG",8.862313437382
"CAUTCT",8.33632225028021
"CAUTGA",7.87793349704194
"CAUTGC",8.8347618514981
"CAUTGG",8.62183654878394
"CAUTGT",8.72732273802053
"CAUTTA",9.38827821093308
"CAUTTC",9.39048777443598
"CAUTTG",9.49241351767154
"CAUTTT",9.31874802791816
"CCUAAA",10.0083368055821
"CCUAAC",9.37859295087888
"CCUAAG",9.4751584299331
"CCUAAT",9.92623148868879
"CCUACA",9.18153878534196
"CCUACC",8.51213910168625
"CCUACG",9.00546602393524
"CCUACT",9.00525360651578
"CCUAGA",9.27350999316826
"CCUAGC",8.96610940152484
"CCUAGG",8.63390220360836
"CCUAGT",9.0801850283069
"CCUATA",9.76341294396466
"CCUATC",9.47549687012483
"CCUATG",9.77099259613863
"CCUATT",9.68075853344159
"CCUCAA",7.98796906146842
"CCUCAC",8.31979819176986
"CCUCAG",7.89226896429197
"CCUCAT",8.16669682557593
"CCUCCA",7.95077833022856
"CCUCCC",7.87030165576471
"CCUCCG",7.79818694641526
"CCUCCT",8.00662297812338
"CCUCGA",8.20560443066713
"CCUCGC",8.09250045211002
"CCUCGG",7.88547081325541
"CCUCGT",8.23599507977809
"CCUCTA",8.83693342586414
"CCUCTC",8.83884816595496
"CCUCTG",8.88874726627241
"CCUCTT",8.21924830841386
"CCUGAA",7.61485095883052
"CCUGAC",8.30396348548847
"CCUGAG",7.46789961797228
"CCUGAT",9.04798136192007
"CCUGCA",8.84920955603302
"CCUGCC",8.56012911496073
"CCUGCG",7.86668571835365
"CCUGCT",8.36207707237664
"CCUGGA",7.33804027918267
"CCUGGC",8.84357879402589
"CCUGGG",7.34981100429246
"CCUGGT",8.72796478864611
"CCUGTA",8.81140256243178
"CCUGTC",8.09386987555449
"CCUGTG",8.9589116404766
"CCUGTT",8.90030163667915
"CCUTAA",8.42908992287025
"CCUTAC",8.18065601016015
"CCUTAG",6.82334964003106
"CCUTAT",8.35171598325257
"CCUTCA",8.34716919054363
"CCUTCC",7.34478362676965
"CCUTCG",8.41337137064317
"CCUTCT",7.82432777169233
"CCUTGA",7.03380401046657
"CCUTGC",8.35509388391107
"CCUTGG",8.14035096276621
"CCUTGT",7.82604773545778
"CCUTTA",8.78925464023364
"CCUTTC",8.58513487019228
"CCUTTG",8.85637748277397
"CCUTTT",9.16239165826565
"CGUAAA",11.0020181455094
"CGUAAC",10.7017871527381
"CGUAAG",10.6122528417924
"CGUAAT",10.9786961721563
"CGUACA",10.2267454720804
"CGUACC",10.3280049478059
"CGUACG",10.4317009213975
"CGUACT",10.5082380783988
"CGUAGA",10.2413574175933
"CGUAGC",10.3226858408282
"CGUAGG",9.99732266728277
"CGUAGT",10.2456524076011
"CGUATA",10.7192139677839
"CGUATC",10.8620278407757
"CGUATG",10.8836086441219
"CGUATT",10.8843784334224
"CGUCAA",9.26868786076622
"CGUCAC",9.2659751885783
"CGUCAG",8.95189905328757
"CGUCAT",8.96779821419819
"CGUCCA",8.69147663345368
"CGUCCC",8.74364704966334
"CGUCCG",8.88521530291063
"CGUCCT",9.1490668987776
"CGUCGA",9.08796169976625
"CGUCGC",9.08935129912321
"CGUCGG",9.32159506420943
"CGUCGT",9.15637843626473
"CGUCTA",9.64961120453679
"CGUCTC",9.15687164775364
"CGUCTG",9.637165568274
"CGUCTT",9.68323828157031
"CGUGAA",10.0575818002055
"CGUGAC",9.44962512578483
"CGUGAG",8.53932233852934
"CGUGAT",9.5407055296502
"CGUGCA",9.45999722539551
"CGUGCC",9.67598801937602
"CGUGCG",9.77834658489207
"CGUGCT",9.70443775421948
"CGUGGA",9.43808553365238
"CGUGGC",9.50038351344361
"CGUGGG",9.32003445659404
"CGUGGT",9.49860305444359
"CGUGTA",10.1276284916069
"CGUGTC",9.70880061110979
"CGUGTG",10.0995208501757
"CGUGTT",9.94949600298656
"CGUTAA",9.14504207589361
"CGUTAC",9.27478496846807
"CGUTAG",8.85733129827978
"CGUTAT",9.42901217449155
"CGUTCA",9.32747131795546
"CGUTCC",9.02838205305042
"CGUTCG",8.7425699136949
"CGUTCT",8.97831015618918
"CGUTGA",8.96187060783098
"CGUTGC",9.03724897513652
"CGUTGG",9.03005026156528
"CGUTGT",8.86556482130241
"CGUTTA",9.47808088433045
"CGUTTC",9.33180166860734
"CGUTTG",9.53301682836703
"CGUTTT",9.78717209119198
"CTUAAA",10.1616665685322
"CTUAAC",9.80648168762286
"CTUAAG",9.67129470308896
"CTUAAT",10.0621872863817
"CTUACA",9.63337626330112
"CTUACC",9.56143202708598
"CTUACG",9.6369468132964
"CTUACT",9.3400904611184
"CTUAGA",9.5400957748528
"CTUAGC",9.21715983020147
"CTUAGG",9.4797168487348
"CTUAGT",9.84823960188164
"CTUATA",10.6105469893013
"CTUATC",10.515981972828
"CTUATG",10.9426569857024
"CTUATT",10.7042316814901
"CTUCAA",9.3382830041425
"CTUCAC",9.01201056379947
"CTUCAG",9.42458788987622
"CTUCAT",9.07431035764635
"CTUCCA",9.00232710133981
"CTUCCC",8.97881339151832
"CTUCCG",9.35837969743325
"CTUCCT",9.2131970613431
"CTUCGA",9.09470072123808
"CTUCGC",9.04750264013784
"CTUCGG",9.23887691971469
"CTUCGT",9.07921700806714
"CTUCTA",10.1368149226592
"CTUCTC",9.59778650892875
"CTUCTG",10.2054091313653
"CTUCTT",9.54060783263481
"CTUGAA",8.03229212344064
"CTUGAC",8.99547728704166
"CTUGAG",8.7452717889057
"CTUGAT",9.09316770580238
"CTUGCA",8.78531982742049
"CTUGCC",8.88352242239948
"CTUGCG",9.10851465765432
"CTUGCT",8.69919355848856
"CTUGGA",8.86592923298282
"CTUGGC",8.63000058171278
"CTUGGG",8.83527524862315
"CTUGGT",8.78374810709191
"CTUGTA",9.80965077211069
"CTUGTC",9.48902764155545
"CTUGTG",9.77314316819956
"CTUGTT",9.48919732647001
"CTUTAA",8.83051442869606
"CTUTAC",5.12157852714593
"CTUTAG",8.91979150687641
"CTUTAT",9.11128337222272
"CTUTCA",7.9052381308199
"CTUTCC",8.46329380028909
"CTUTCG",7.79995312996174
"CTUTCT",8.15930802717048
"CTUTGA",8.7576542781049
"CTUTGC",8.44554556830095
"CTUTGG",8.70690506838283
"CTUTGT",8.83562984298453
"CTUTTA",9.37315694732864
"CTUTTC",8.94671229526362
"CTUTTG",9.46119962320279
"CTUTTT",9.07309802779633
"GAUAAA",10.6241680281502
"GAUAAC",10.2698229200012
"GAUAAG",10.257757876568
"GAUAAT",10.3809861095439
"GAUACA",9.66381826534788
"GAUACC",9.56401897799152
"GAUACG",9.67250338109496
"GAUACT",9.78090088723261
"GAUAGA",10.0023202864144
"GAUAGC",10.0050137033768
"GAUAGG",9.74122205312198
"GAUAGT",10.1822325034788
"GAUATA",10.7117250146374
"GAUATC",10.6230669325706
"GAUATG",10.8853627243039
"GAUATT",10.8640724261765
"GAUCAA",9.46877202179956
"GAUCAC",9.47366847056716
"GAUCAG",9.64792454448547
"GAUCAT",9.13769981528061
"GAUCCA",8.93935394642204
"GAUCCC",7.71699378207569
"GAUCCG",9.19313497113279
"GAUCCT",8.71074492381129
"GAUCGA",9.27153670677872
"GAUCGC",9.16447577806049
"GAUCGG",9.04801950807942
"GAUCGT",9.19291639034251
"GAUCTA",9.51082924771904
"GAUCTC",9.13547783977423
"GAUCTG",9.62972175664055
"GAUCTT",9.49991232099667
"GAUGAA",9.57778033559239
"GAUGAC",9.28320901831824
"GAUGAG",8.91874431179189
"GAUGAT",9.22054507740433
"GAUGCA",9.50423257241571
"GAUGCC",9.44091950781801
"GAUGCG",9.34747600924579
"GAUGCT",9.12091129821979
"GAUGGA",9.44048699100538
"GAUGGC",9.48097027186875
"GAUGGG",9.11092718463735
"GAUGGT",9.44891335334245
"GAUGTA",10.1508912983931
"GAUGTC",9.90372381879844
"GAUGTG",10.218153405092
"GAUGTT",9.83704164229369
"GAUTAA",9.01533813550428
"GAUTAC",8.60644519658598
"GAUTAG",8.63832681813459
"GAUTAT",9.58877327027623
"GAUTCA",9.40424866145014
"GAUTCC",9.19557026989759
"GAUTCG",9.27350999316826
"GAUTCT",8.95498531955121
"GAUTGA",8.9422452819074
"GAUTGC",9.61150821136487
"GAUTGG",9.11041737189147
"GAUTGT",8.99001961349452
"GAUTTA",9.61836795395034
"GAUTTC",9.65207356913925
"GAUTTG",9.76422230054342
"GAUTTT",9.58293744634721
"GCUAAA",9.90452052078674
"GCUAAC",9.33229255863603
"GCUAAG",9.27650989123651
"GCUAAT",9.79927593492727
"GCUACA",8.8868056134954
"GCUACC",9.01811880840444
"GCUACG",9.26555670542985
"GCUACT",8.60139893878713
"GCUAGA",8.97981785763585
"GCUAGC",9.01229550166943
"GCUAGG",8.89953692373247
"GCUAGT",9.39671110761936
"GCUATA",9.71306606270537
"GCUATC",9.85402481543004
"GCUATG",9.71207225308063
"GCUATT",9.85143266430644
"GCUCAA",9.09815743750915
"GCUCAC",8.34967533343881
"GCUCAG",8.42349185941433
"GCUCAT",8.75461821127801
"GCUCCA",8.50326291738602
"GCUCCC",2.8325576306781
"GCUCCG",8.54175645860744
"GCUCCT",7.49715168579854
"GCUCGA",8.29574930291539
"GCUCGC",8.24464467946393
"GCUCGG",8.80128250963518
"GCUCGT",7.93762334546833
"GCUCTA",8.81011078069103
"GCUCTC",9.27151601230342
"GCUCTG",9.07244501819658
"GCUCTT",8.47208649782782
"GCUGAA",8.82320576097917
"GCUGAC",7.89908432951797
"GCUGAG",8.48699844365949
"GCUGAT",8.68850965697551
"GCUGCA",8.69734380247944
"GCUGCC",7.87813840951714
"GCUGCG",8.09391930313091
"GCUGCT",8.59609445738514
"GCUGGA",8.3881994437482
"GCUGGC",8.51579105734219
"GCUGGG",8.68302764833336
"GCUGGT",9.07149872110521
"GCUGTA",9.40927218803919
"GCUGTC",8.79121152121134
"GCUGTG",9.23787638119194
"GCUGTT",9.32614648663635
"GCUTAA",8.41288308904114
"GCUTAC",8.25963216870715
"GCUTAG",8.51570594097435
"GCUTAT",8.78936137605402
"GCUTCA",7.88409309688398
"GCUTCC",7.99761865438223
"GCUTCG",8.63713435313516
"GCUTCT",8.24850345860153
"GCUTGA",8.14141360092409
"GCUTGC",8.47818892135967
"GCUTGG",8.09664664647878
"GCUTGT",9.26911353564687
"GCUTTA",8.74820734749682
"GCUTTC",8.51986133088842
"GCUTTG",8.90084455297392
"GCUTTT",8.83419340063259
"GGUAAA",11.1177254832645
"GGUAAC",10.5985629152152
"GGUAAG",10.4830108889069
"GGUAAT",10.8591218974708
"GGUACA",10.2114248466229
"GGUACC",10.1717716233601
"GGUACG",10.3054899588669
"GGUACT",10.0893857202665
"GGUAGA",10.1242181167198
"GGUAGC",10.0641126562255
"GGUAGG",9.90394513698759
"GGUAGT",10.4760539221678
"GGUATA",10.5541052398889
"GGUATC",10.6017882902766
"GGUATG",10.8937628241747
"GGUATT",10.5787096111095
"GGUCAA",9.37848498391831
"GGUCAC",9.28695827506822
"GGUCAG",9.15334854974831
"GGUCAT",9.04927180727711
"GGUCCA",9.1377393420704
"GGUCCC",8.94808641776058
"GGUCCG",8.79299192820808
"GGUCCT",9.18686755872927
"GGUCGA",9.04402830829244
"GGUCGC",9.35904444774047
"GGUCGG",9.29935494900238
"GGUCGT",9.0982423222846
"GGUCTA",9.56571206508616
"GGUCTC",9.24263328638681
"GGUCTG",9.61446407451157
"GGUCTT",9.31479314157507
"GGUGAA",9.73591841822749
"GGUGAC",9.55695126192769
"GGUGAG",9.12543977151886
"GGUGAT",9.49375908079447
"GGUGCA",9.34066883808335
"GGUGCC",9.45181941278194
"GGUGCG",9.38999798277513
"GGUGCT",9.41357109961421
"GGUGGA",9.71849170330037
"GGUGGC",9.54975864297044
"GGUGGG",9.41573005165726
"GGUGGT",9.47035270461249
"GGUGTA",10.1282533776124
"GGUGTC",9.81501213540546
"GGUGTG",10.0551949465253
"GGUGTT",9.97880778815635
"GGUTAA",9.20610332948066
"GGUTAC",8.71429629842653
"GGUTAG",8.81049991291651
"GGUTAT",9.43816019307634
"GGUTCA",9.12646140610055
"GGUTCC",9.04414869452655
"GGUTCG",9.08569202167363
"GGUTCT",8.73954244991232
"GGUTGA",9.03617402795473
"GGUTGC",8.79495921445566
"GGUTGG",9.24765723813125
"GGUTGT",8.88158095370906
"GGUTTA",9.2967267582851
"GGUTTC",9.18476844311554
"GGUTTG",9.56003462730687
"GGUTTT",9.62358298523143
"GTUAAA",10.0907424161832
"GTUAAC",10.2258913673138
"GTUAAG",9.55760487308077
"GTUAAT",10.1317764661631
"GTUACA",9.60869653593352
"GTUACC",9.56688467840331
"GTUACG",9.66907009117389
"GTUACT",9.5494141390388
"GTUAGA",9.67355699215424
"GTUAGC",9.52219422006112
"GTUAGG",9.52342492276738
"GTUAGT",9.91082282102751
"GTUATA",10.480540440486
"GTUATC",10.4222896574876
"GTUATG",10.8381816124823
"GTUATT",10.6645533731075
"GTUCAA",9.28470050887616
"GTUCAC",9.40996357912607
"GTUCAG",9.08878042496857
"GTUCAT",9.10156674506817
"GTUCCA",8.9599942002088
"GTUCCC",8.79457240309935
"GTUCCG",9.16324209999237
"GTUCCT",9.15331839381994
"GTUCGA",9.1346770715521
"GTUCGC",9.21048377527455
"GTUCGG",9.357736991257
"GTUCGT",9.43460009667467
"GTUCTA",9.82658896117022
"GTUCTC",9.68422500335009
"GTUCTG",10.1578386075733
"GTUCTT",9.5681530804328
"GTUGAA",9.1792566541685
"GTUGAC",9.17457438929864
"GTUGAG",8.6500409692425
"GTUGAT",8.92902646581665
"GTUGCA",9.22324032059519
"GTUGCC",9.00014680909829
"GTUGCG",9.47531575689048
"GTUGCT",9.1676489577739
"GTUGGA",9.22923700269727
"GTUGGC",9.10655064567266
"GTUGGG",9.0124847867278
"GTUGGT",8.58589623716758
"GTUGTA",9.99109853503638
"GTUGTC",9.69610095351917
"GTUGTG",10.1135649287936
"GTUGTT",9.90137281089607
"GTUTAA",8.95159102033405
"GTUTAC",9.02463065051268
"GTUTAG",9.00760109117031
"GTUTAT",9.27001883839715
"GTUTCA",8.91507764420714
"GTUTCC",8.78378457231097
"GTUTCG",9.09542612620912
"GTUTCT",8.72807787826585
"GTUTGA",8.76798338006989
"GTUTGC",8.74047385536845
"GTUTGG",8.63538229414898
"GTUTGT",9.23803569830471
"GTUTTA",9.41576587714125
"GTUTTC",9.34812995807232
"GTUTTG",9.4617670051358
"GTUTTT",9.45618661530988
"TAUAAA",9.83883852353945
"TAUAAC",9.51575228881315
"TAUAAG",9.53777799314443
"TAUAAT",10.033899910933
"TAUACA",9.46013921709874
"TAUACC",9.1555014215299
"TAUACG",8.90352328229883
"TAUACT",9.67890169513
"TAUAGA",9.27350999316826
"TAUAGC",9.18940308492872
"TAUAGG",9.28242426423326
"TAUAGT",9.52825236812743
"TAUATA",10.2126497744604
"TAUATC",10.0030067379055
"TAUATG",10.1491887482896
"TAUATT",10.1741611633668
"TAUCAA",8.98468464810893
"TAUCAC",9.15405428380977
"TAUCAG",8.85324877146957
"TAUCAT",8.97149620464059
"TAUCCA",8.73951776553433
"TAUCCC",8.78748248013235
"TAUCCG",8.70788385801796
"TAUCCT",8.55341248235196
"TAUCGA",9.00533190649691
"TAUCGC",8.93101004978583
"TAUCGG",9.10459241497235
"TAUCGT",8.7999916188243
"TAUCTA",8.86362312106439
"TAUCTC",8.84912768760227
"TAUCTG",9.39392549692852
"TAUCTT",9.58755107646741
"TAUGAA",9.25008018579494
"TAUGAC",8.78860852230345
"TAUGAG",8.51779993930705
"TAUGAT",8.48501007530364
"TAUGCA",9.03226458104972
"TAUGCC",9.09158609437453
"TAUGCG",9.10839594242506
"TAUGCT",9.45451232585699
"TAUGGA",9.04800181001892
"TAUGGC",8.79320860552848
"TAUGGG",8.23852102376576
"TAUGGT",8.97199302325641
"TAUGTA",9.33693244034326
"TAUGTC",8.98506700719553
"TAUGTG",9.63786808319358
"TAUGTT",9.44859628943776
"TAUTAA",8.87012095625158
"TAUTAC",8.57957583896296
"TAUTAG",8.8367456844985
"TAUTAT",8.95657308004889
"TAUTCA",8.9833924419724
"TAUTCC",8.69286824523039
"TAUTCG",8.93840966276134
"TAUTCT",8.86937618480327
"TAUTGA",8.58385194104588
"TAUTGC",8.85363385211393
"TAUTGG",8.59267709833838
"TAUTGT",9.32524144280184
"TAUTTA",9.47383662869567
"TAUTTC",9.14026647538139
"TAUTTG",9.31677412955117
"TAUTTT",9.43071002080727
"TCUAAA",9.7303985620758
"TCUAAC",9.51313684680048
"TCUAAG",9.19038650827206
"TCUAAT",9.68809415283265
"TCUACA",9.05076809985534
"TCUACC",8.73262972636946
"TCUACG",8.87246370455763
"TCUACT",8.90115063710553
"TCUAGA",8.56821067577545
"TCUAGC",8.72988660496567
"TCUAGG",8.74539505010375
"TCUAGT",9.13952370361234
"TCUATA",9.43907818569179
"TCUATC",9.54261330690335
"TCUATG",9.55709163059366
"TCUATT",9.78081793733714
"TCUCAA",8.63058117615417
"TCUCAC",8.01670119114254
"TCUCAG",8.57247386698459
"TCUCAT",8.9802825257844
"TCUCCA",8.44214091708472
"TCUCCC",8.42201591519372
"TCUCCG",7.64084341660088
"TCUCCT",8.72312370971273
"TCUCGA",6.82108114811384
"TCUCGC",8.27743460102041
"TCUCGG",8.46051459311958
"TCUCGT",9.21920496294329
"TCUCTA",8.87572027930759
"TCUCTC",8.57650817880333
"TCUCTG",8.89572240233478
"TCUCTT",8.94977752979351
"TCUGAA",8.71836893756477
"TCUGAC",8.19156585688826
"TCUGAG",7.84220009865476
"TCUGAT",8.60405182273345
"TCUGCA",8.26394832912478
"TCUGCC",8.36356148248153
"TCUGCG",8.3909535495737
"TCUGCT",8.49879376530869
"TCUGGA",8.26006626064212
"TCUGGC",8.47534781448297
"TCUGGG",8.52987735427921
"TCUGGT",8.4291780272521
"TCUGTA",8.77027087399559
"TCUGTC",8.73081691325058
"TCUGTG",8.65332007480877
"TCUGTT",9.10127362057926
"TCUTAA",8.56045375787044
"TCUTAC",8.74391248565203
"TCUTAG",8.9787247966323
"TCUTAT",8.72150412730655
"TCUTCA",8.51534454942234
"TCUTCC",7.61732995072389
"TCUTCG",8.32612160641038
"TCUTCT",8.09980147106543
"TCUTGA",8.20913243564535
"TCUTGC",8.5903313273434
"TCUTGG",7.66757714732971
"TCUTGT",8.17580700163152
"TCUTTA",7.75990752853581
"TCUTTC",8.14688165084051
"TCUTTG",9.19934230722791
"TCUTTT",8.66778816652255
"TGUAAA",11.1515544232011
"TGUAAC",10.8859298698323
"TGUAAG",10.4894979126319
"TGUAAT",10.8374224390844
"TGUACA",10.2373538193401
"TGUACC",10.1472520832484
"TGUACG",10.1557745937536
"TGUACT",10.3525584509332
"TGUAGA",10.1257585701689
"TGUAGC",9.97911062418343
"TGUAGG",9.6074731203723
"TGUAGT",10.1021455473202
"TGUATA",10.6880833016707
"TGUATC",10.6112370731111
"TGUATG",10.7363782563159
"TGUATT",10.6094159024148
"TGUCAA",9.11939610902493
"TGUCAC",9.11520061942758
"TGUCAG",9.33820711385286
"TGUCAT",9.21800781718883
"TGUCCA",8.71456681241787
"TGUCCC",8.85611390929807
"TGUCCG",9.07407572836169
"TGUCCT",9.00045479472506
"TGUCGA",8.79353142136657
"TGUCGC",9.09267114653498
"TGUCGG",9.06812080856459
"TGUCGT",9.46703414798554
"TGUCTA",9.55122329719966
"TGUCTC",9.49088268448042
"TGUCTG",9.21466145523429
"TGUCTT",9.59380215644285
"TGUGAA",9.52536746067133
"TGUGAC",9.303217273611
"TGUGAG",8.52093389057876
"TGUGAT",9.67496642165377
"TGUGCA",9.48962501237216
"TGUGCC",9.38918399961744
"TGUGCG",9.50060618602915
"TGUGCT",9.48525396364169
"TGUGGA",9.44191482580574
"TGUGGC",9.36054214174521
"TGUGGG",9.22487897662218
"TGUGGT",9.17041574349741
"TGUGTA",9.76141685126029
"TGUGTC",9.68278084940392
"TGUGTG",9.95505449979155
"TGUGTT",9.54851955964091
"TGUTAA",9.33019083683135
"TGUTAC",9.04672006815568
"TGUTAG",9.18023839620667
"TGUTAT",8.98043035249788
"TGUTCA",9.31529781255079
"TGUTCC",8.74972787870297
"TGUTCG",9.11695611017107
"TGUTCT",8.99734259519451
"TGUTGA",8.98280582684344
"TGUTGC",8.82002250668909
"TGUTGG",8.63145865941699
"TGUTGT",9.17785370251902
"TGUTTA",9.60593246017405
"TGUTTC",9.34460528807447
"TGUTTG",9.50378006585753
"TGUTTT",9.90467711115177
"TTUAAA",10.153051427699
"TTUAAC",9.7837900304357
"TTUAAG",9.39306726620407
"TTUAAT",10.2069977425161
"TTUACA",9.75962249238463
"TTUACC",9.57369201226696
"TTUACG",9.27350999316826
"TTUACT",9.60120051701125
"TTUAGA",9.84784582116852
"TTUAGC",9.34315920738779
"TTUAGG",9.22935349463556
"TTUAGT",9.99760034213436
"TTUATA",10.9022058548066
"TTUATC",10.7203317350855
"TTUATG",10.7909818384268
"TTUATT",10.890531540478
"TTUCAA",9.05769471187622
"TTUCAC",9.1761715062702
"TTUCAG",9.05406393770954
"TTUCAT",9.28404100094426
"TTUCCA",9.14550888804892
"TTUCCC",8.98073471630671
"TTUCCG",8.98918475992807
"TTUCCT",8.81372960210284
"TTUCGA",9.19442586180324
"TTUCGC",9.43256268850824
"TTUCGG",9.09135203683038
"TTUCGT",9.17660131764209
"TTUCTA",10.0822186139417
"TTUCTC",9.52972412395262
"TTUCTG",10.0212756464947
"TTUCTT",9.76034713648794
"TTUGAA",9.24583129696512
"TTUGAC",8.69695069527121
"TTUGAG",8.3855285432234
"TTUGAT",9.28721841520098
"TTUGCA",9.25407503675975
"TTUGCC",9.08675267909757
"TTUGCG",9.58009957242227
"TTUGCT",9.18942851207706
"TTUGGA",9.24250729056399
"TTUGGC",9.26582264595172
"TTUGGG",8.99619900407606
"TTUGGT",9.00858232628325
"TTUGTA",10.0413643040642
"TTUGTC",9.58786368848634
"TTUGTG",9.97558585300315
"TTUGTT",9.77251630492681
"TTUTAA",9.08160615921748
"TTUTAC",8.78001413153574
"TTUTAG",8.79299612169886
"TTUTAT",8.99888723821653
"TTUTCA",8.59540636284503
"TTUTCC",7.86991981524555
"TTUTCG",8.56724320265027
"TTUTCT",8.68743971128246
"TTUTGA",8.97085043298632
"TTUTGC",8.47769137460082
"TTUTGG",8.75960277412199
"TTUTGT",8.82907070395438
"TTUTTA",9.67083029933091
"TTUTTC",9.39086646326768
"TTUTTG",9.66196545011716
"TTUTTT",9.24163378743071
